Store ID,Employee Number,Area,Date,Sales,Marketing Spend,Electronics Sales,Home Sales,Clothes Sales
1,58,Asia,31-01-2022,122083.77,20895.04,33047.39,16887.25,40663.41
1,54,Asia,28-02-2022,192540.88,5310.31,52942.29,27350.28,62420.88
1,55,Asia,31-03-2022,237126.27,14434.36,45030.59,42444.92,98667.94
1,57,Asia,30-04-2022,186776.55,6280.48,46057.34,31721.17,57092.72
1,60,Asia,31-05-2022,272239.41,26856.21,69383.8,28589.12,89520.75
1,56,Asia,30-06-2022,291226.93,9662.37,58931.89,44480.33,91431.3
1,55,Asia,31-07-2022,251677.58,17525.98,60255.71,42029.11,84002.14
1,55,Asia,31-08-2022,262433.62,10682.9,63636.49,30819.29,75877.01
1,56,Asia,30-09-2022,335147.29,5201.21,99011.87,38750.46,109179.45
1,55,Asia,31-10-2022,344252.68,159,84403.9,40765.72,128102.88
1,55,Asia,30-11-2022,451888.93,5611.31,123236.05,56450.95,177879.08
1,60,Asia,31-12-2022,523358.04,27960.43,137072.56,72360.93,169997.54
2,89,North America,31-01-2022,156620.68,8825.04,34901.94,23390.92,44632.1
2,88,North America,28-02-2022,188058.14,4824.76,47471.61,22535.23,63581.11
2,99,North America,31-03-2022,294669,8749.88,84886.27,60405.78,106996.79
2,87,North America,30-04-2022,219812.33,551.03,56463.54,20366.47,70935.3
2,88,North America,31-05-2022,208550.71,11907.7,66087.26,22745.88,79646.5
2,95,North America,30-06-2022,306241.71,26886.64,93678.78,34605.96,113092.77
2,93,North America,31-07-2022,237454.19,24444.75,66768.93,36735.83,77577.49
2,98,North America,31-08-2022,248941.15,21744.8,52798.24,31613.09,93240.48
2,105,North America,30-09-2022,409155.78,19761.23,85479.86,42123.98,149274.38
2,101,North America,31-10-2022,283584.84,6616.83,66933.34,43491.16,108063.69
2,104,North America,30-11-2022,386874.49,29629.49,115915.16,60912.08,142966.65
2,105,North America,31-12-2022,505736.05,8304.83,114713.02,73356.28,162090.39
3,19,Asia,31-01-2022,154485.88,20351.36,40609.09,22193.63,55652.99
3,18,Asia,28-02-2022,187354.17,4134.69,46282.6,30849.97,59577.24
3,18,Asia,31-03-2022,293329.59,14429.19,83127.97,29490.9,94358.06
3,19,Asia,30-04-2022,222483.45,687.98,53739.38,25328.14,70874.14
3,18,Asia,31-05-2022,252566,13205.97,55516.5,36929.96,81684.25
3,17,Asia,30-06-2022,422857.17,19276.96,115677.8,69480.84,141039.68
3,17,Asia,31-07-2022,299456.74,6088.09,90758.86,35499.07,115187.18
3,19,Asia,31-08-2022,284055.24,1684.08,64682.89,56415.76,108219.51
3,19,Asia,30-09-2022,312910.4,2418.05,81907.57,54456.58,111786.32
3,17,Asia,31-10-2022,283062.65,27678.69,80044.94,28816.14,82154.82
3,18,Asia,30-11-2022,367050.95,8158.49,83025.63,72494.93,109077.23
3,18,Asia,31-12-2022,535029.51,10377.61,116663.7,74448.26,227990.28
4,79,South America,31-01-2022,131533.95,3329.94,31191.46,23979.06,40977.55
4,73,South America,28-02-2022,240155.29,7266.94,47221.39,24387.22,78142.46
4,78,South America,31-03-2022,331979.18,12153.08,67784.66,49609.81,115657.58
4,82,South America,30-04-2022,206578.38,22788.34,60698.22,31825.38,65153.39
4,71,South America,31-05-2022,224940.48,21418.58,47870.26,31435.43,83690.02
4,75,South America,30-06-2022,311201.65,26459.77,78846.81,29530.77,116918.12
4,74,South America,31-07-2022,231031.21,21209.29,64938.85,31063.06,83823.56
4,69,South America,31-08-2022,217430.35,16949.53,49633.41,42085.92,82544.81
4,77,South America,30-09-2022,306429.13,20610.58,81351.59,54877.08,112008.72
4,78,South America,31-10-2022,257571.25,8353.18,70004.7,46324.29,87397.39
4,79,South America,30-11-2022,385081.57,28703.99,113324.39,59914.86,107887.24
4,71,South America,31-12-2022,456514.47,16562.08,129401.16,59536.04,157471.29
5,62,South America,31-01-2022,124099.37,24279.73,31422.18,18073.39,40046.67
5,63,South America,28-02-2022,215759.87,15093.97,52717.04,38422.33,82376.39
5,64,South America,31-03-2022,260206.86,13775.68,52368.26,41127.03,75666.21
5,63,South America,30-04-2022,233620.29,15448,62131.3,33826.22,73724.55
5,67,South America,31-05-2022,259075.1,3552.45,66088.01,30548.85,74774.94
5,58,South America,30-06-2022,377183.32,16706.35,95319.68,54304.12,139426.31
5,70,South America,31-07-2022,291358.49,18942.57,77611.49,47765.94,114876.55
5,67,South America,31-08-2022,282240.1,20366.93,74924.62,36604.95,84744.95
5,69,South America,30-09-2022,385502.55,20658.95,116697.88,66276.23,153197.09
5,64,South America,31-10-2022,251031.6,8565.26,66243.41,29507.97,88559.95
5,59,South America,30-11-2022,457443.89,27053.22,95342.16,93917.58,141605.76
5,70,South America,31-12-2022,433142.35,11264.07,117637.4,52771.6,156082.4
6,23,South America,31-01-2022,116287.82,12622.84,22035.77,17696.17,43362.11
6,25,South America,28-02-2022,229396.65,2053.51,50119.36,33865.6,87721.35
6,26,South America,31-03-2022,272363.55,25009.32,65664.82,54315.67,108600.92
6,25,South America,30-04-2022,194777.51,6508.69,46368.69,18923.43,76382.6
6,24,South America,31-05-2022,210271.48,9530.84,43291.3,27414.3,78728.34
6,23,South America,30-06-2022,329521.69,2741.22,66567.7,63306.37,115518.75
6,25,South America,31-07-2022,298732.24,7114.33,75962.22,57026.21,97396.71
6,24,South America,31-08-2022,262664.72,9756.34,69871.18,46340.67,92333.12
6,24,South America,30-09-2022,419054.78,24612.8,117704.35,64430.76,143503.93
6,22,South America,31-10-2022,313821.71,20641.37,77919.27,36996.12,96148.33
6,22,South America,30-11-2022,452998.06,3915.04,122672.11,82871.38,152208.89
6,24,South America,31-12-2022,487755.99,2304.22,91510.98,84694.02,208152.47
7,94,North America,31-01-2022,129769.11,27358.79,34369.29,16600.94,40853.47
7,80,North America,28-02-2022,195929.27,3140.28,43673.93,29125.33,59447.84
7,90,North America,31-03-2022,328278.46,5888.83,78877.49,37757.91,125054.52
7,87,North America,30-04-2022,196286.42,7672.31,40638.65,23940.53,63477.37
7,93,North America,31-05-2022,243458.81,18462.62,55287.25,42612.32,82932.46
7,85,North America,30-06-2022,375531.02,11623.54,90605.79,62868.06,159093.57
7,79,North America,31-07-2022,260305.95,19890.82,69029.1,24576.53,99941.73
7,88,North America,31-08-2022,209997.38,4128.89,46633.63,24736.33,76811.11
7,84,North America,30-09-2022,404800.81,9377.94,115753.36,70369.71,167739.35
7,94,North America,31-10-2022,349945.4,11806.66,78390.69,71881.62,116775.65
7,82,North America,30-11-2022,360040.47,9397.99,75524.98,53465.13,127337.11
7,91,North America,31-12-2022,574558.75,26909.86,121383.11,102563.88,193473.41
8,92,South America,31-01-2022,132887.99,6271.11,34553.09,12851.41,48485.23
8,84,South America,28-02-2022,180014.84,6106.05,46078.95,31789.47,57359.74
8,83,South America,31-03-2022,283941.4,12090.94,65932.05,56895.02,103608.44
8,89,South America,30-04-2022,194560.96,9965.18,57008.85,39329.6,56913.2
8,84,South America,31-05-2022,229037.47,9134.71,65577.01,22728.36,78442.35
8,82,South America,30-06-2022,410947.69,22226.08,112009.5,60052.45,140222.08
8,87,South America,31-07-2022,233442.83,14229.26,66729.63,26507.61,95514.83
8,84,South America,31-08-2022,238767.28,23869.81,58138.88,34975.22,86379.48
8,99,South America,30-09-2022,347343.35,29370.96,84888.73,64962.32,125654.66
8,84,South America,31-10-2022,346787.48,8848.37,105106.47,57719.72,123566.14
8,95,South America,30-11-2022,444935.42,26220.41,125661.13,62309.32,155919.37
8,99,South America,31-12-2022,454352.86,15395.7,108542.19,60677.98,139340.19
9,72,North America,31-01-2022,144523.04,27862.9,34066.26,23508.45,43037.63
9,76,North America,28-02-2022,211252.87,3834.36,56933.23,41597.86,77751.57
9,72,North America,31-03-2022,327147.48,12328.28,75434.1,56603,106162.18
9,83,North America,30-04-2022,209447.38,10357.94,53060.13,33761.75,71057.31
9,77,North America,31-05-2022,277156.91,4316.28,82047.12,42517.86,99982.45
9,71,North America,30-06-2022,309312.08,26339.35,65074.45,53129.59,113836.65
9,83,North America,31-07-2022,245186.22,7749.01,51753.93,34431.32,81016.9
9,71,North America,31-08-2022,255962.71,13245.12,65034.32,51207.77,98964.68
9,83,North America,30-09-2022,321539.65,13918.09,72166.74,64020.01,114408.65
9,79,North America,31-10-2022,289868.04,4483.09,71780.47,39126.62,107460.17
9,76,North America,30-11-2022,442250.49,12567.71,102370.53,46665.94,177822.7
9,73,North America,31-12-2022,481662.04,28866.39,111906.26,84622.88,196194.36
10,71,South America,31-01-2022,126852.8,20582.73,40031.36,18318.98,44723.83
10,81,South America,28-02-2022,230372.65,6590.46,66171.74,45514.51,79006.68
10,72,South America,31-03-2022,241045.59,17774.8,52472.05,32317.57,95560.23
10,83,South America,30-04-2022,184994.27,8308.64,46492.69,24171.25,57999.8
10,84,South America,31-05-2022,222918.54,23414.13,52735.27,45614.06,81973.77
10,75,South America,30-06-2022,328605.6,10466.11,71474.88,58684.75,119615.23
10,81,South America,31-07-2022,276807.03,29422.84,82735.54,46632.21,103935.95
10,78,South America,31-08-2022,279245.24,2400.55,86114.51,39149.83,99699.32
10,77,South America,30-09-2022,391499.59,26648.17,107528.05,61476.85,156038.42
10,76,South America,31-10-2022,318170.77,20159.28,68527.6,46668.33,95653.56
10,77,South America,30-11-2022,442673.5,10988.59,90265.14,58030.13,168498.97
10,75,South America,31-12-2022,457330.96,24562.4,118536.44,57140.88,143232.82
11,97,Asia,31-01-2022,113578.72,7342.35,31062.8,20318.66,33989.92
11,88,Asia,28-02-2022,195282.6,9806.8,48611.18,30905.38,82097.01
11,98,Asia,31-03-2022,281292.76,2113.82,75463.64,33334.32,106123.55
11,94,Asia,30-04-2022,171434.24,27532.76,49037.13,26510.64,56539.43
11,87,Asia,31-05-2022,294337.18,21598.79,76046.34,30051.03,93042.11
11,96,Asia,30-06-2022,372572.76,15255.82,92998.77,51474.79,139220.74
11,87,Asia,31-07-2022,265018.88,18725.76,77688.9,32774.82,109858.38
11,95,Asia,31-08-2022,214471.74,28856.65,56252.56,25492.82,79302.66
11,96,Asia,30-09-2022,326788.06,27666.7,76996.75,34519.5,111837.97
11,85,Asia,31-10-2022,331552.91,26598.46,76977.6,57023.45,120876.96
11,86,Asia,30-11-2022,344707.41,28019.62,82230.89,48064.18,108941.18
11,85,Asia,31-12-2022,523986.51,4423.62,99448.93,58591.44,177881.81
12,27,Asia,31-01-2022,148927.7,18741.02,32626.34,24315.55,50350.36
12,27,Asia,28-02-2022,171175.23,10231.44,39954.83,33998.1,59527.82
12,29,Asia,31-03-2022,271954.5,25572.91,51963.7,42395.88,99453.97
12,25,Asia,30-04-2022,171061.29,28105.6,35327.44,23715.45,50044.87
12,26,Asia,31-05-2022,211401.46,21583.8,43480.37,19870.26,67203.23
12,25,Asia,30-06-2022,362715.53,7604.81,104962.74,39142.16,137373.52
12,27,Asia,31-07-2022,289756.17,27887.49,63630.7,44439.44,84411.55
12,29,Asia,31-08-2022,220325.06,13669.82,62885.45,38373.64,79994.49
12,27,Asia,30-09-2022,393101.54,25273.71,104079.13,41804.24,146124.19
12,26,Asia,31-10-2022,296451.44,4057.24,67125.35,33257.12,87364.72
12,28,Asia,30-11-2022,428681,9491.26,84795.39,61607.1,130470.93
12,29,Asia,31-12-2022,603961.53,16065.66,145685.26,76300.77,218393.96
13,6,Europe,31-01-2022,165549.77,23001.16,44879.38,29358.23,51076.98
13,6,Europe,28-02-2022,237209.33,11009.8,53382.56,46801.67,97638.35
13,6,Europe,31-03-2022,234200.29,47.54,62315.24,33123.19,102136.26
13,6,Europe,30-04-2022,198205.03,4979.62,55844.35,29546.54,67726.03
13,6,Europe,31-05-2022,227590.09,20939.15,47492.32,38728.35,65744.11
13,6,Europe,30-06-2022,348874.49,5755.08,74448.21,63256.68,116568.01
13,6,Europe,31-07-2022,229396.37,17630.7,49196.94,43516.74,81944.32
13,6,Europe,31-08-2022,278757.33,27540.32,86744.94,45602.53,93472.18
13,6,Europe,30-09-2022,404637.03,15980.57,102690.65,80798.86,137127.57
13,6,Europe,31-10-2022,238660.81,1672.49,50717.92,45737.65,93819.99
13,6,Europe,30-11-2022,390285.07,14700.13,74715.67,51376.42,136273.4
13,6,Europe,31-12-2022,612769.9,2592.74,184135.46,111398.16,233439.01
14,26,Asia,31-01-2022,144318.85,21072.53,34958.4,15724.79,47440.4
14,26,Asia,28-02-2022,202565.73,17139.6,55893.98,41699.07,73665.56
14,25,Asia,31-03-2022,267215.62,28249,76418.4,49549.5,100151.2
14,23,Asia,30-04-2022,214179.9,914.9,56393.2,27988.67,80333.71
14,23,Asia,31-05-2022,253166.94,1353.48,53922.05,35600.1,84846.93
14,25,Asia,30-06-2022,345861.67,29397.43,90125.5,51564.95,106495.8
14,26,Asia,31-07-2022,232327.11,2587.48,59558.39,33171.42,71183.45
14,23,Asia,31-08-2022,285800.5,12984.05,78285.29,55106.73,97313.02
14,26,Asia,30-09-2022,381745.1,29579.75,92448.64,58276.17,141152.71
14,26,Asia,31-10-2022,305029.14,20677.85,71091.92,44505.71,114496.02
14,25,Asia,30-11-2022,403850.39,23798.94,115461.21,56867.51,135209.33
14,27,Asia,31-12-2022,491830.02,12214.93,143136.15,93354.88,161078.66
15,56,Europe,31-01-2022,139998.73,4227.12,39880.53,17604.36,42595.7
15,60,Europe,28-02-2022,183340.09,21553.81,54399.51,33870.13,54136.53
15,53,Europe,31-03-2022,240908.26,4151.36,67488.52,33079.18,92663.63
15,56,Europe,30-04-2022,204802.98,23046.2,39682.16,39353,79863.1
15,55,Europe,31-05-2022,204282.42,27983.37,54896.18,30064.36,73311.08
15,55,Europe,30-06-2022,298409.4,19200.91,95104.94,36856.82,111729.35
15,53,Europe,31-07-2022,280230.48,29580.84,65038.68,52927.96,92285.73
15,61,Europe,31-08-2022,230378.55,1046.41,47867.2,39977.73,64396.33
15,51,Europe,30-09-2022,388242.98,991.57,70817.65,46350.67,136943.85
15,53,Europe,31-10-2022,345238.7,19360.37,93697.74,63787.81,111799.83
15,54,Europe,30-11-2022,446881.69,18756.35,81649.23,51595.01,156859.54
15,60,Europe,31-12-2022,577400.39,664.7,143381.94,80911.79,197299.68
16,5,Asia,31-01-2022,114124.55,4408.81,31871.57,22360.3,45211.7
16,5,Asia,28-02-2022,207487.31,24885.67,55655.17,38810.63,67379.24
16,5,Asia,31-03-2022,258929.76,22954.59,65918.88,35948.05,87360.4
16,5,Asia,30-04-2022,222251.13,1727.16,61087.99,29793.43,71624.13
16,5,Asia,31-05-2022,213158.69,29118,55457.32,25885.77,60777.96
16,5,Asia,30-06-2022,403012.43,1488.74,111529.62,60400.68,147414.23
16,5,Asia,31-07-2022,234418.51,17073.21,52339.98,38247.18,95504.28
16,5,Asia,31-08-2022,244996.13,12699.8,65738.94,30891.71,100065.37
16,5,Asia,30-09-2022,413276.7,17035.23,85451.5,53012.9,146071.7
16,5,Asia,31-10-2022,258838.12,16615.21,62123.51,28605.11,93906.85
16,5,Asia,30-11-2022,359826.83,8787.17,82332.33,60295.35,149204.25
16,5,Asia,31-12-2022,557658.85,29699.42,146346.71,89787.81,201169.5
17,88,North America,31-01-2022,121796.98,17891.56,27341.71,23767.49,45346.13
17,92,North America,28-02-2022,218960.03,9443.57,66837.15,34914.02,85104.45
17,91,North America,31-03-2022,335495.26,7610.08,103498.41,46267.98,115612.12
17,84,North America,30-04-2022,227930.12,2150.38,55732.44,38069.04,64827.84
17,93,North America,31-05-2022,200912.94,12471.34,42996.31,22114.8,59986.12
17,90,North America,30-06-2022,416233.49,7776.76,96340.26,69966.1,118114.46
17,99,North America,31-07-2022,216538.2,19638.64,45451.51,32838.51,72783.53
17,96,North America,31-08-2022,229850.73,8158.95,45193.17,25125.24,70537.81
17,83,North America,30-09-2022,427034.21,11047.88,93784.59,60562.53,154833.14
17,90,North America,31-10-2022,274885.97,11448.63,68973.96,36457.73,100523.03
17,95,North America,30-11-2022,447347.66,22034.05,108512.67,70077.16,155134.67
17,87,North America,31-12-2022,474583.7,26249.68,109658.04,95966.76,142508.54
18,32,Asia,31-01-2022,128026.43,7564.27,35610.97,14048.45,44309.01
18,33,Asia,28-02-2022,200422.18,8964.09,47984.99,34454.96,75388.4
18,35,Asia,31-03-2022,334459.38,2310.96,84491.38,34732.69,102070.21
18,30,Asia,30-04-2022,223743.59,16023.05,48859.86,40381.26,76039.55
18,35,Asia,31-05-2022,276525.85,2943.57,77369.71,38413.03,94023.01
18,32,Asia,30-06-2022,355265.08,27815.25,115744.64,55752.83,127180.19
18,36,Asia,31-07-2022,241784.66,17832.28,54946.34,29290.41,71227.06
18,34,Asia,31-08-2022,270731.11,4039.77,65436.77,35457.28,85716.62
18,36,Asia,30-09-2022,353538.99,5775.9,90511.22,43875.7,115058.27
18,33,Asia,31-10-2022,331019.27,8233.56,84424.21,56034.92,104794.82
18,35,Asia,30-11-2022,459159.47,4939.64,138530.7,44184.35,175944.24
18,31,Asia,31-12-2022,539437.44,28076.14,126266.79,53528.55,226239.42
19,40,Europe,31-01-2022,144892.54,6029.22,33946.55,20806.03,49368.25
19,39,Europe,28-02-2022,176724.51,5347.03,39392.94,19531.58,63838.59
19,38,Europe,31-03-2022,265336.23,19857.53,68110.65,28793.99,103701.58
19,43,Europe,30-04-2022,192604.11,9815.75,50878.75,26718.9,70889.75
19,45,Europe,31-05-2022,225951.24,9794.18,57239.58,24906.48,92453.47
19,37,Europe,30-06-2022,345511.1,11100.11,80267.02,69454.94,137000.41
19,42,Europe,31-07-2022,278927.49,2746.05,75779.56,43560.55,87178.01
19,45,Europe,31-08-2022,302241.99,3598.69,79583.28,41400.55,102944.26
19,38,Europe,30-09-2022,370781.9,12336.82,95640.67,45751.57,109192.48
19,38,Europe,31-10-2022,302705.72,8102.87,68781.75,31465.43,117721.95
19,42,Europe,30-11-2022,479006.49,19970.21,129352.79,71915.16,188866.76
19,40,Europe,31-12-2022,602803.82,16868.48,166775.43,84847.09,214205.14
20,5,Europe,31-01-2022,128370.45,12622.81,33651,27854.79,45013.79
20,5,Europe,28-02-2022,238614.52,5983.88,51440.47,30254.23,77461.74
20,5,Europe,31-03-2022,331637.6,24450.23,70303.43,59627.7,114835.18
20,5,Europe,30-04-2022,186709.68,15344.6,42273.41,39055.88,56268.01
20,5,Europe,31-05-2022,203140.49,27260.78,49967.14,23759.1,65620
20,5,Europe,30-06-2022,341164.17,1296.41,98807.92,31302.1,139774.86
20,5,Europe,31-07-2022,301011.01,4828.11,68801.9,44118.38,119537.93
20,5,Europe,31-08-2022,290636.04,16201.97,75316.12,62673.66,107760.57
20,5,Europe,30-09-2022,293848.26,1200.59,62148.59,33875.29,94120.56
20,5,Europe,31-10-2022,240998.71,20218.33,65156.92,34300.38,90061.65
20,5,Europe,30-11-2022,463332.06,12780.02,134334.43,54737.24,179079.94
20,5,Europe,31-12-2022,626258.76,17376.6,115939.86,105748.67,195874.62
21,63,South America,31-01-2022,120285.47,11344.64,25935.86,16523.78,51321.95
21,68,South America,28-02-2022,214079.04,24796.67,51730.42,20909.25,69424.54
21,70,South America,31-03-2022,278112.4,12238.06,71375.8,29504.22,97396.34
21,73,South America,30-04-2022,248184.31,16298.34,70867.83,36070.67,89228.75
21,72,South America,31-05-2022,256599.95,19318.27,62548.85,37535.84,83400.94
21,68,South America,30-06-2022,329302.33,17741.18,92033.27,40982.88,117867.85
21,70,South America,31-07-2022,264803.84,20633.19,60986.53,42733.66,90624.68
21,62,South America,31-08-2022,296044.69,27781.86,94832.96,45706.59,96173.43
21,62,South America,30-09-2022,417929.26,25310.05,86571.18,53344.5,141283.04
21,70,South America,31-10-2022,288926.02,10906.69,69163.81,42263.35,115689.3
21,66,South America,30-11-2022,467500.1,12906.08,109837.52,56845.65,176294.16
21,73,South America,31-12-2022,449271.77,23559.95,97898.09,59653.3,160916.9
22,58,North America,31-01-2022,128679.6,28493.98,39365.21,14212.38,41787.66
22,69,North America,28-02-2022,183050.18,25048.63,52229.17,22310.68,62252.56
22,67,North America,31-03-2022,249773.8,5611.71,71793.47,40672.76,100501.8
22,57,North America,30-04-2022,229938.47,2091.23,62178.8,37108.9,85881.34
22,57,North America,31-05-2022,207980.89,6752.75,38816.17,32158.15,70644.35
22,64,North America,30-06-2022,356927.37,19606.95,103695.25,62144.49,140449.79
22,60,North America,31-07-2022,276495.87,590.68,79156.59,50323.99,91667.6
22,57,North America,31-08-2022,290038.56,25914.3,65062.75,36901.78,88589.11
22,62,North America,30-09-2022,328608.43,9200.06,91389.53,51737.86,93637.53
22,60,North America,31-10-2022,331307.49,21294.89,63499.24,37074.27,105010.05
22,64,North America,30-11-2022,370664.84,10557.15,102653.88,42218.61,120563.56
22,66,North America,31-12-2022,544570,15715.29,119128.14,87023.28,229392.65
23,25,Asia,31-01-2022,163577.65,16053.2,34301.04,31239.18,52344.77
23,26,Asia,28-02-2022,216427.78,10132.67,59548.94,40203.97,78671.13
23,25,Asia,31-03-2022,334579.7,28757.22,99354.83,33704.02,116776.67
23,26,Asia,30-04-2022,238024.51,9973.43,72630.67,32821.73,70715.24
23,22,Asia,31-05-2022,240985.85,28165.79,53798.18,38678.98,88435.48
23,23,Asia,30-06-2022,397267.3,21867.41,111527.42,60459.97,147889.8
23,25,Asia,31-07-2022,257140.85,15324.28,74811.16,38608.83,104463.58
23,22,Asia,31-08-2022,263373.3,7124.07,66126.24,45070.89,79528.05
23,25,Asia,30-09-2022,402856.19,16880,93581.19,72611.84,155979.41
23,25,Asia,31-10-2022,307274.12,29718.84,67555.81,32571.64,123256.05
23,23,Asia,30-11-2022,386860.77,5437.75,103080.8,43866.2,149772.69
23,24,Asia,31-12-2022,552456.44,28425.69,142593.09,85277.87,196473.46
24,39,South America,31-01-2022,153337.44,22032.15,36790.88,29237.27,48645.28
24,34,South America,28-02-2022,236145.96,22539.22,73697.13,36219.61,85877.98
24,36,South America,31-03-2022,235250.49,382.17,64506.08,34958.99,83594.1
24,34,South America,30-04-2022,243074.14,22407.11,54879.78,39852.64,76197.49
24,35,South America,31-05-2022,213762.31,19168.37,52055.71,32439.21,85790.55
24,34,South America,30-06-2022,367092.96,21079.18,96751.76,56106.7,128390.85
24,35,South America,31-07-2022,275906.46,10106.46,79003.9,33505.69,97957.78
24,38,South America,31-08-2022,206826.74,16961.55,41798.27,30005.78,75882.93
24,33,South America,30-09-2022,372623.81,17319.19,95140.06,42193.56,123549.69
24,37,South America,31-10-2022,322034.19,7557.25,95310.39,55776.19,110331
24,39,South America,30-11-2022,399328.96,26207.83,92564.87,42177.8,149861.94
24,39,South America,31-12-2022,588773.45,27332.55,130850.88,99396.56,207881.32
25,76,Asia,31-01-2022,166913.16,24136.76,43100.28,25457.7,57879.68
25,83,Asia,28-02-2022,208843.13,28142.38,42967.19,22610.75,78534.77
25,76,Asia,31-03-2022,332308.07,13569.43,101665.67,65230.69,111488.17
25,84,Asia,30-04-2022,185524.88,25587.99,34896.76,23525.15,57620.8
25,82,Asia,31-05-2022,274567.91,2623.5,78319.95,37237.15,101820.41
25,74,Asia,30-06-2022,342151.47,16937.52,96071.55,49677.01,118684.25
25,82,Asia,31-07-2022,220420.95,6358.77,68751.34,35676.11,82832.34
25,81,Asia,31-08-2022,268784.25,24111.16,67958.53,26146.11,86177.81
25,81,Asia,30-09-2022,331264.09,9769.34,71866.85,57310.33,118969.27
25,78,Asia,31-10-2022,255187.52,26478.55,57535.31,30084.8,93088.6
25,76,Asia,30-11-2022,366090.69,5811.48,76723,41548.83,135566.52
25,84,Asia,31-12-2022,477721.23,29485.16,111164.34,62216.57,134633.46
26,61,Asia,31-01-2022,140540.65,21510.45,33607.76,21158.7,55225.09
26,64,Asia,28-02-2022,221500.03,2741.14,58076.98,38902.27,88522.77
26,61,Asia,31-03-2022,257633.46,8508.09,67428.08,32453.86,75024.27
26,56,Asia,30-04-2022,231202.46,19854.88,52268.95,41677.43,88394.68
26,67,Asia,31-05-2022,269116.71,28993.04,78534.4,26344.56,111106.69
26,56,Asia,30-06-2022,362610.57,1470.94,107215.51,67804.41,124957.09
26,62,Asia,31-07-2022,294096.24,15235.5,67495.82,38179.56,86753.94
26,66,Asia,31-08-2022,208265.08,5002.37,50561.96,23082.48,78586.9
26,55,Asia,30-09-2022,432367.6,4039.77,83948.03,78424.03,185940.06
26,55,Asia,31-10-2022,311949.68,29166.64,81552.19,46162.12,117424.18
26,56,Asia,30-11-2022,399522.53,6702.82,112521.3,60961.27,124016.04
26,65,Asia,31-12-2022,563163.69,28120.19,111357.77,99100.26,211035.86
27,23,South America,31-01-2022,122369.85,16645.27,35359.66,24944.47,45275.12
27,23,South America,28-02-2022,223356.65,12204.64,67279.72,26795.22,73706.57
27,27,South America,31-03-2022,282266.17,18612.43,69156.06,48305.08,97962.18
27,24,South America,30-04-2022,249769.99,7550.38,51261.8,47560.33,94803.61
27,26,South America,31-05-2022,255184.78,4519.75,80293.28,49984.72,98051.68
27,24,South America,30-06-2022,354524.56,23628.03,72938.72,36841.35,121841.03
27,26,South America,31-07-2022,235583.51,7959.72,54755.19,43236.07,99650.97
27,26,South America,31-08-2022,264899.13,25218.02,61016.39,28547.68,104895.93
27,26,South America,30-09-2022,367700.32,561.91,102278.23,54919.07,142710.25
27,25,South America,31-10-2022,294396.51,542,85142.39,38726.6,90078.44
27,25,South America,30-11-2022,477652.04,6016.1,121049.91,84449.21,178201.93
27,24,South America,31-12-2022,514119.36,19188.05,135079.31,52771.16,159115.82
28,93,South America,31-01-2022,152917.16,29209.45,40493.33,26771.74,61952.92
28,91,South America,28-02-2022,252671.77,24581.09,59225.15,41989.7,89943.61
28,91,South America,31-03-2022,232777.22,17199.41,45638.74,23000.54,69817.83
28,95,South America,30-04-2022,203808.64,2807.56,52690.5,33931.96,78523.59
28,86,South America,31-05-2022,232687,3141.15,51342.79,25949.73,69739.02
28,101,South America,30-06-2022,330214.22,19791.13,76274.97,38358.17,110423.11
28,94,South America,31-07-2022,231145.33,20514.69,61705.69,39147.9,76952.65
28,90,South America,31-08-2022,228177.18,16837.61,53415.3,24438.22,85265.22
28,91,South America,30-09-2022,393806.63,20146.01,115550.25,45446.98,147599.39
28,86,South America,31-10-2022,260386,2694.58,49368.36,55743.99,98709.48
28,92,South America,30-11-2022,401561.87,25037.16,86752.85,80750.27,118503.53
28,84,South America,31-12-2022,599420.08,12590.85,143716.23,100711.95,223530.1
29,50,South America,31-01-2022,113869.32,21528.85,26779.93,14834.74,34676.64
29,54,South America,28-02-2022,184759.3,7065.43,36656.16,20429.84,69201.01
29,48,South America,31-03-2022,261796.96,4850.32,70546.17,33347.45,82837.03
29,48,South America,30-04-2022,242539.33,21498.19,53682.01,24368,85151.04
29,48,South America,31-05-2022,259673.06,11138.57,65014.27,28869.55,97905.34
29,50,South America,30-06-2022,290348.9,13165.1,84293.78,33728.29,104338.85
29,56,South America,31-07-2022,258122.91,16976.69,71986.08,35253.66,106877.3
29,56,South America,31-08-2022,229738.7,10612.15,64003.22,23560.58,88035.99
29,52,South America,30-09-2022,336812.15,23137.72,100728.5,57407.52,130504.1
29,55,South America,31-10-2022,295762.58,27727.32,60840.17,55591.45,98068.09
29,50,South America,30-11-2022,439120.73,7769.88,100881.07,64536.95,143452.26
29,51,South America,31-12-2022,577669.04,9436.33,116374.85,70027.89,193976.49
30,92,South America,31-01-2022,150755.78,6048.6,41615.22,24995.67,51679.55
30,100,South America,28-02-2022,252418.15,19345.44,60649.14,35299.51,102757.78
30,92,South America,31-03-2022,238531.48,5791.08,53616.82,24771.47,77956.11
30,92,South America,30-04-2022,234095.46,25651.82,62715.28,36726.44,83678.1
30,89,South America,31-05-2022,212571.8,4405.71,52578.82,28005.35,72951.3
30,102,South America,30-06-2022,317778.07,21593.34,78981.67,51610.98,98384.96
30,90,South America,31-07-2022,275969.35,14702.72,57976.99,54339.39,88650.59
30,103,South America,31-08-2022,279603.86,7549.58,60191.84,32924.02,91544.95
30,96,South America,30-09-2022,395031.56,6134.46,97731.25,72492,154213.96
30,86,South America,31-10-2022,306593.85,1589.36,90007.17,43165.84,99700.65
30,90,South America,30-11-2022,352950.86,13710.46,77243.48,59827.58,116371.81
30,93,South America,31-12-2022,553932.5,12468.04,161426.26,78437.27,181212.16
31,58,South America,31-01-2022,133524.7,3931.27,27431.64,16143.01,51267.29
31,58,South America,28-02-2022,200014.13,25775.01,39844.84,22265.36,75781.46
31,66,South America,31-03-2022,302063.13,11156.42,94650.67,57763.77,98489.02
31,63,South America,30-04-2022,248058.24,19084.34,57771.27,41505.76,85975.38
31,67,South America,31-05-2022,224818.15,10363.31,63492.95,29492.08,66125.23
31,62,South America,30-06-2022,420627.74,2389.11,101942,60320.75,149097.26
31,58,South America,31-07-2022,236225.57,24816.14,55858.15,45477.46,89477.26
31,57,South America,31-08-2022,222505.22,20094.96,54885.53,29353.4,76676.16
31,59,South America,30-09-2022,349302.69,24724.48,106878.99,57134.84,110978.72
31,66,South America,31-10-2022,318672.24,17814.9,95089.47,32939.92,98500.02
31,68,South America,30-11-2022,392371.01,24679.39,112064.17,67810.86,137267.45
31,56,South America,31-12-2022,465736.19,27147.55,137234.38,76198.56,160168.01
32,44,Asia,31-01-2022,128620.58,29912.25,39352.44,15940.1,41799.31
32,44,Asia,28-02-2022,226753.48,6864.35,59189.58,31769.44,87094.31
32,41,Asia,31-03-2022,335391.32,5259.33,70994.2,57374.5,121494.06
32,44,Asia,30-04-2022,249093.25,22180.73,55263.67,49560.69,85194.83
32,45,Asia,31-05-2022,289172.27,1207.21,54645.41,49368.67,89208.22
32,46,Asia,30-06-2022,291996.5,10075.5,89661.64,49664.19,96047.72
32,48,Asia,31-07-2022,283085.98,26561.67,75681.54,32973.03,94866.71
32,44,Asia,31-08-2022,266911.84,20690.23,56220.72,49997.49,106994.59
32,46,Asia,30-09-2022,352754.81,1149.22,82722.72,59965.44,114272.04
32,47,Asia,31-10-2022,278419.05,4645.8,91248.35,57512.75,99584.05
32,48,Asia,30-11-2022,423068.85,15474.06,102837.73,57746.4,172525.01
32,49,Asia,31-12-2022,620364.65,20868.68,136461.18,74830.25,199336.03
33,91,South America,31-01-2022,142615.42,6240.11,27217.18,24006.05,52465
33,104,South America,28-02-2022,242243.15,16327.34,59566.31,47196.82,83411.18
33,93,South America,31-03-2022,322596.67,21248.3,79689.86,54784.43,109292.02
33,92,South America,30-04-2022,195006.3,3686.63,39213.14,36318.44,59819.44
33,92,South America,31-05-2022,218538.89,2801.7,59742.97,25105.9,71355.66
33,100,South America,30-06-2022,345563.41,13026.03,91193.53,55725.54,100050.41
33,103,South America,31-07-2022,216525.54,526.58,58532.7,31249.54,70436.51
33,101,South America,31-08-2022,271057.26,26864.27,78371.45,43586.89,96349.38
33,91,South America,30-09-2022,349837.88,16867.15,85314.7,66023.46,125525.57
33,88,South America,31-10-2022,337654.42,23790.38,79159.21,32475.97,95595.98
33,99,South America,30-11-2022,419506.13,19008.97,121808.94,74594.71,128427.8
33,102,South America,31-12-2022,539608.29,18591.36,120015.85,51597.58,186450.2
34,65,North America,31-01-2022,159337.46,21323.21,40964.95,23287.88,51942.16
34,66,North America,28-02-2022,188466.07,7906.92,41271.6,22644.27,68794.54
34,66,North America,31-03-2022,228982.43,15572.98,58165.32,24756.15,78003.69
34,59,North America,30-04-2022,197890.81,4133.99,43793.23,27502.59,80896.32
34,68,North America,31-05-2022,225903.65,8676.03,63759.82,29691.12,85576.73
34,63,North America,30-06-2022,348437.42,10824.01,108724,43299.73,134112.44
34,57,North America,31-07-2022,285969.29,8296.94,76171.7,38077.07,114908.26
34,61,North America,31-08-2022,240724.36,12713.15,57248.4,43086.79,73076.01
34,68,North America,30-09-2022,405191.28,25474.89,88449.59,42376.57,159345.9
34,67,North America,31-10-2022,250692.83,28199.5,76507.89,41432.51,80158.31
34,65,North America,30-11-2022,489032.56,24129.66,125786.62,98626.94,181352.68
34,60,North America,31-12-2022,596193.63,11616.89,124550.54,78367.56,225249.05
35,89,Europe,31-01-2022,117417.05,24042.03,26070.29,21968.27,39117.04
35,79,Europe,28-02-2022,193548.05,18255.57,42566.53,19717.23,65117.13
35,86,Europe,31-03-2022,247771.78,9469.14,53021.94,40829.26,86306.55
35,86,Europe,30-04-2022,223104.99,20280.05,44723.06,30403.91,74407.59
35,87,Europe,31-05-2022,294435.08,7173.41,80806.95,54756.7,110801.4
35,81,Europe,30-06-2022,306290.07,19611.98,72769.71,55282.27,123062.29
35,75,Europe,31-07-2022,303914.71,17022.24,87596.69,40569.88,122425.28
35,78,Europe,31-08-2022,245728.57,10119.53,62628.28,44473.16,78234
35,77,Europe,30-09-2022,380860.81,8424.78,77734.43,46310.78,126358.59
35,82,Europe,31-10-2022,294688.94,19973.79,91216.91,52930.22,112958.28
35,82,Europe,30-11-2022,392907,9714.56,106916.3,58748.41,122661.45
35,83,Europe,31-12-2022,458805.38,28839.74,97935.76,95692.84,170020.24
36,18,South America,31-01-2022,155900.56,27905.06,33472.56,19016.23,60311.2
36,17,South America,28-02-2022,200191.98,14967.39,56368.2,38537.81,70976.49
36,19,South America,31-03-2022,299424.84,17145.79,63755.42,32324.95,100468.75
36,17,South America,30-04-2022,171177.97,29042.2,51610.1,18428.56,57484.44
36,18,South America,31-05-2022,220201.94,29462.27,51340.62,43754.77,93752.73
36,18,South America,30-06-2022,353182.86,25420.5,86396.57,41228.22,107248.04
36,17,South America,31-07-2022,240878.12,29620.81,60448.66,44116.78,88368.41
36,19,South America,31-08-2022,236602.98,17457.84,76332.01,32688.37,91336.25
36,18,South America,30-09-2022,369313.4,2878.76,102665.46,37908.78,127753.12
36,18,South America,31-10-2022,296505.97,16544.01,70793.02,28453.76,95531.39
36,19,South America,30-11-2022,383123.86,16231.54,87126.85,78105.42,123507.07
36,19,South America,31-12-2022,507723.33,597.97,108144.4,64747.12,165632.22
37,64,South America,31-01-2022,144774.01,7285.94,37325.62,17765.58,48439.25
37,63,South America,28-02-2022,216726.93,24144.37,55248.07,23854.71,81245.26
37,67,South America,31-03-2022,295616.73,15665.18,79669.62,50568.73,106086.45
37,61,South America,30-04-2022,210249.9,28935.42,54140.76,33403.48,58937.12
37,59,South America,31-05-2022,285065.93,19461.78,64115.79,35512.82,99194.93
37,66,South America,30-06-2022,389533.81,15108.24,113932.74,44513.47,158553.36
37,66,South America,31-07-2022,259881.77,2209.83,63016.98,52497.55,98225.54
37,64,South America,31-08-2022,221416.85,25733.21,55009.87,25510.73,90469.41
37,62,South America,30-09-2022,423470.98,12386.64,80149.95,47700.78,140843.4
37,70,South America,31-10-2022,326180.73,9592.45,71106.07,48066.69,124870.51
37,68,South America,30-11-2022,372953.25,10106.08,96098.03,62559.53,144154.25
37,70,South America,31-12-2022,550832.22,19635.43,144747.86,98584.68,207333.59
38,69,Asia,31-01-2022,138083.99,6701.82,30904.72,17473.41,50664.84
38,68,Asia,28-02-2022,252107.47,20095.28,75338.59,28067.42,93880.82
38,67,Asia,31-03-2022,266499,20233,75158.02,27503.19,103074.24
38,64,Asia,30-04-2022,222201.02,8187.57,60228.48,40269.25,69796.34
38,63,Asia,31-05-2022,204194.44,13352.9,61609.85,33064.81,65119.45
38,59,Asia,30-06-2022,308439.49,19732.11,65590.19,37509.91,94483.46
38,64,Asia,31-07-2022,268999.72,10073.8,59050.33,29154.3,88596.99
38,61,Asia,31-08-2022,238059.15,7312.1,52886.83,35968.75,85661.84
38,70,Asia,30-09-2022,335903.19,29072.35,94698.8,69469.49,115124.99
38,64,Asia,31-10-2022,271449.58,1732.09,63327.91,42482.89,85091.34
38,69,Asia,30-11-2022,351920.7,1312.55,81081.37,44078.2,110530.42
38,71,Asia,31-12-2022,447814.8,17848.2,113257.39,57836.18,156427.3
39,55,South America,31-01-2022,150217.18,12159.74,32998.74,19328.67,47304.48
39,46,South America,28-02-2022,245855.07,14755.73,54737.31,43814.54,99290.08
39,49,South America,31-03-2022,243439.27,15765.15,57582.48,38325.69,82101.58
39,48,South America,30-04-2022,187906.92,13196.61,41162.91,21689.29,72545.06
39,49,South America,31-05-2022,244573.45,13347.67,70855.08,35964.27,71807.56
39,50,South America,30-06-2022,384892.68,19510.24,84020.18,45092.52,127821.25
39,51,South America,31-07-2022,271545.11,1580.68,77310.9,33570.35,86457.62
39,49,South America,31-08-2022,228442.11,11490.33,54895,25149.01,73230.17
39,47,South America,30-09-2022,311187.74,18888.77,82428.98,44616.16,100000.38
39,48,South America,31-10-2022,295026.52,15584.18,73906.59,45997.52,100749.58
39,54,South America,30-11-2022,450241.3,16586,102602.25,57008.47,154347.77
39,53,South America,31-12-2022,557928.26,18132.79,149500.74,57898.93,185245.18
40,71,South America,31-01-2022,135924.41,19372.38,35648.9,19412.64,51736.23
40,65,South America,28-02-2022,211075.81,10627.57,57000.79,31566.48,85145.95
40,69,South America,31-03-2022,290396.13,26710.77,59627.98,28936.94,86875.91
40,71,South America,30-04-2022,201653.65,16721.15,46076.97,34485.41,83290.4
40,67,South America,31-05-2022,202853.78,9992.27,46404.78,23155.07,74059.42
40,59,South America,30-06-2022,350065.73,7157.12,90637.01,57674.58,126610.72
40,60,South America,31-07-2022,243111.33,14885.97,50653.49,29854.18,70367.71
40,68,South America,31-08-2022,257524.24,16328.16,56454.11,25875.46,109446.65
40,62,South America,30-09-2022,409960.9,492.2,87940.49,51514.96,157753.28
40,61,South America,31-10-2022,302424.2,22287.27,93760.81,49028.83,128868.45
40,69,South America,30-11-2022,468486.95,22442.33,121703.92,95089.05,178988.73
40,70,South America,31-12-2022,610073.29,7464.95,179308.64,109811.37,226567.42
41,59,South America,31-01-2022,149635.29,11313.75,41038.88,24112.38,52720.75
41,53,South America,28-02-2022,221346.89,8230.68,49483.25,29237.68,81536.48
41,58,South America,31-03-2022,300561.6,4756.96,70140.91,34531.14,104865.47
41,53,South America,30-04-2022,207502.05,17894.64,41008.65,26247.49,79064.38
41,54,South America,31-05-2022,209800.98,17318.05,45560.6,26901.91,77111.97
41,59,South America,30-06-2022,343860.77,18519.05,98422.38,61388.78,111737.66
41,53,South America,31-07-2022,223718.82,23937.08,54931.11,35613.8,75734.93
41,51,South America,31-08-2022,217030.66,17637.3,52539.29,22458.35,77823.25
41,58,South America,30-09-2022,375701.57,15384.37,99825.64,81473.59,156344.5
41,59,South America,31-10-2022,342323.21,19926.07,74699.46,64199.16,100060.8
41,56,South America,30-11-2022,404765.03,8953.89,98478.1,69145.78,148307.8
41,50,South America,31-12-2022,520757.62,21587.97,124148.83,54147.13,181265.8
42,55,Asia,31-01-2022,163419.68,16761.54,30157.04,22317.33,58656.56
42,63,Asia,28-02-2022,171441.05,23425.42,38477.38,27486.51,63343.1
42,56,Asia,31-03-2022,303411.74,9609.81,58824.38,40758.42,100981.2
42,62,Asia,30-04-2022,243393.8,23228.74,57148.75,53331.06,88116.15
42,57,Asia,31-05-2022,274639.72,8342.5,53183.52,35009.4,87987.82
42,63,Asia,30-06-2022,402055.13,15126.6,118686.27,51586.53,130452.37
42,54,Asia,31-07-2022,286300.64,5249.65,81403.73,52585.05,90699.5
42,55,Asia,31-08-2022,204712.44,21391.63,44241.92,29498.71,60789.29
42,57,Asia,30-09-2022,302735.84,8702.78,79865.38,54664.89,114959.67
42,56,Asia,31-10-2022,267151.24,3838.84,68645.3,49145.22,113113.9
42,57,Asia,30-11-2022,328398.5,11738.95,85259.74,46026.34,107508.18
42,53,Asia,31-12-2022,471112.98,7236.6,104798.62,87556.94,157189.21
43,67,South America,31-01-2022,145493.57,9798.54,43317.69,18317.91,58807.63
43,70,South America,28-02-2022,174869.96,9783.35,47692.08,29201.58,66824.71
43,72,South America,31-03-2022,239457.52,17063.15,64051.63,43089.59,67898.24
43,61,South America,30-04-2022,217512.28,8225.32,69062.41,34194.82,65371.51
43,73,South America,31-05-2022,201459.75,17074.15,51843.13,23963.74,63262.04
43,65,South America,30-06-2022,369786.1,11914.41,86705.71,58762.61,136055.47
43,66,South America,31-07-2022,238124.53,15175.39,59768.73,26295.73,86186.22
43,64,South America,31-08-2022,284305.95,26871.67,67621.39,31794.41,87077.08
43,68,South America,30-09-2022,320546.66,23520.57,90763.45,69761.21,113221.16
43,62,South America,31-10-2022,249600.48,19467.13,50425.41,25564.43,92974.9
43,65,South America,30-11-2022,371821.38,8292.95,87221.5,36682.83,111396.31
43,61,South America,31-12-2022,479701.68,21469.17,101502.4,75092.65,166268.55
44,6,Europe,31-01-2022,136824.04,4974.13,30875.45,16724.08,39114.13
44,6,Europe,28-02-2022,252910.57,28923.75,76325.96,29181.31,71939.53
44,6,Europe,31-03-2022,246882.84,25013.65,64719.68,45331.3,91486.75
44,6,Europe,30-04-2022,181432.86,21167.6,49864.81,18671.39,53783.43
44,6,Europe,31-05-2022,248203.32,14536.12,70903.1,35697.86,75144.62
44,6,Europe,30-06-2022,319054.99,10548.01,68607.5,53905.51,118909.61
44,6,Europe,31-07-2022,266006.92,26807.99,57081.72,26965.69,89097.18
44,6,Europe,31-08-2022,234839.71,29922.79,53610.18,28435.63,84922.82
44,6,Europe,30-09-2022,410092.57,6498.39,111495.21,70222.4,132113.52
44,6,Europe,31-10-2022,241471.44,27430.77,48210.78,32977,76809.9
44,6,Europe,30-11-2022,468575.27,24021.36,129066.29,84392.67,160237.47
44,6,Europe,31-12-2022,603422.32,17819.45,181413.84,84670.42,229440.96
45,58,Asia,31-01-2022,166894.09,25197.03,31389.21,19424,53060.79
45,58,Asia,28-02-2022,227166.93,22706.39,58726.52,34260.91,77188.39
45,49,Asia,31-03-2022,333639.56,14344.93,87335.73,44359.58,106267.89
45,57,Asia,30-04-2022,176151.71,17915.5,47433.45,21348.8,60009.12
45,56,Asia,31-05-2022,291228.82,25368.97,85406.7,54705.09,107893.85
45,58,Asia,30-06-2022,422822.82,7158.78,108200.13,75753.54,128681.32
45,50,Asia,31-07-2022,285604.92,15647.94,76366.08,36969.27,94502.75
45,51,Asia,31-08-2022,233396.11,16598.89,55499.26,25367.96,83648.51
45,56,Asia,30-09-2022,293813.07,10008.04,83047.97,32009.63,112544.59
45,52,Asia,31-10-2022,283015.4,9256.8,70984.24,33263.94,108247.64
45,55,Asia,30-11-2022,365444.47,295.7,89949.49,55455.11,120807.62
45,50,Asia,31-12-2022,613649.72,1220.71,141653.6,101091.33,205240.06
46,9,Europe,31-01-2022,126597.43,14013.9,34254.86,19159.72,42695.52
46,11,Europe,28-02-2022,242947.36,28318.83,60797.71,49638.05,83296.33
46,11,Europe,31-03-2022,304517.82,9096.04,76918.55,48779.23,93519.31
46,9,Europe,30-04-2022,228617.8,7655.16,69877.09,34587.8,78018.13
46,10,Europe,31-05-2022,278255.3,9610.54,67166.96,30335.4,109624.68
46,11,Europe,30-06-2022,310945.73,5181.27,63368.61,43978.07,92713.22
46,9,Europe,31-07-2022,219554.45,22996.6,58886.14,28969.96,87529.78
46,11,Europe,31-08-2022,207431.93,18794.04,55296.43,31572.53,59016.26
46,11,Europe,30-09-2022,338764.81,9370.87,82834.38,65196.21,112723.22
46,9,Europe,31-10-2022,273950.05,16836.11,65689.81,37431.45,101787.99
46,9,Europe,30-11-2022,461848.69,953.29,126147.05,91109.14,140897.28
46,11,Europe,31-12-2022,610706.64,27553.08,161616.19,110441.18,201278.7
47,22,Asia,31-01-2022,117368.04,2238.4,23117.01,18706.33,38396.3
47,24,Asia,28-02-2022,228157.3,25104.25,53190.19,23309.9,79857.99
47,25,Asia,31-03-2022,272476.09,463.35,68305.38,33256.25,115115.11
47,23,Asia,30-04-2022,251025.73,19128.39,68761.73,25906.84,108824.94
47,25,Asia,31-05-2022,265074.06,555.22,62200.03,38599.6,79928.9
47,22,Asia,30-06-2022,316407.9,1987.87,59661.79,53036.97,133757.41
47,26,Asia,31-07-2022,280829.31,3815.28,72094.85,55231.4,84851.21
47,23,Asia,31-08-2022,301961.02,18482.36,82140.25,50093.15,103529
47,23,Asia,30-09-2022,390435.5,2850.09,86812.51,44620.67,150400.64
47,24,Asia,31-10-2022,272268.55,7898.27,68794.67,44227.83,77593.13
47,26,Asia,30-11-2022,374191.32,2683.67,98093.84,41827.72,124931.94
47,24,Asia,31-12-2022,485507.74,11957.44,130041.72,51297.33,199390.06
48,79,South America,31-01-2022,162632.08,604.34,32676.16,16525.55,59225.04
48,80,South America,28-02-2022,236301.15,11146.48,47239.31,29208.03,94858.61
48,70,South America,31-03-2022,303425.56,6449.53,75950.37,45462.18,105761.18
48,70,South America,30-04-2022,206967.33,4722.12,55665.77,36895.37,61818.5
48,78,South America,31-05-2022,288815.51,12879.35,55685.3,41011.26,117123.05
48,75,South America,30-06-2022,316985.34,27649.53,67108.89,39902.45,104117.69
48,78,South America,31-07-2022,299925.11,21732.65,75902.83,53846.57,104652.97
48,75,South America,31-08-2022,216118.83,28943.5,51640.68,39151.43,82003.31
48,71,South America,30-09-2022,418212.29,5546.59,79393.2,63564.87,153046.47
48,79,South America,31-10-2022,342585.25,12324.12,80098.02,48847.88,142224.94
48,70,South America,30-11-2022,399746.56,4106.01,89158.18,44337.34,151007.75
48,78,South America,31-12-2022,546111.13,15366.15,161305.37,98818.62,195546.52
49,42,Europe,31-01-2022,161286.17,26716.25,52633.16,18454.52,56465.59
49,38,Europe,28-02-2022,243551.98,29428.02,57811.82,42167.32,89461.72
49,44,Europe,31-03-2022,320345.55,5291.25,80718.58,38544.12,105588.63
49,44,Europe,30-04-2022,223417.97,10582.4,51668.69,27625.71,90627.82
49,46,Europe,31-05-2022,208988.27,21041.58,43995.01,27183.35,61280.17
49,42,Europe,30-06-2022,353613.84,29951.45,78806.67,41915.74,112313.61
49,45,Europe,31-07-2022,228651.82,25238.3,55119.56,42367.35,69532.21
49,40,Europe,31-08-2022,235880.15,15560.47,52154.62,24723.61,96428.09
49,46,Europe,30-09-2022,397510,27273.46,102757.54,63567.54,133925.57
49,43,Europe,31-10-2022,240505.82,17656.2,61033.18,48950.56,79673.91
49,40,Europe,30-11-2022,426618.24,17342.52,94935.26,71472.34,145670.17
49,41,Europe,31-12-2022,519478.64,11997.93,118137.49,84591.6,194999.98
50,23,Asia,31-01-2022,114422.74,23112.42,28856.12,15998.6,37836.25
50,22,Asia,28-02-2022,187579.19,17523.17,50043.33,27904.31,75019.1
50,23,Asia,31-03-2022,285769.43,20679.15,63293.71,39651.88,121485.36
50,22,Asia,30-04-2022,204197.02,26796.06,50809.05,30108.34,62780.36
50,23,Asia,31-05-2022,238788.76,17787.69,64891.17,40943.19,77597.17
50,19,Asia,30-06-2022,319507.54,11750.79,69854.54,50468.67,109332.18
50,23,Asia,31-07-2022,260212.61,21532.1,55418.8,45406.89,88763.23
50,21,Asia,31-08-2022,249405.77,6852.92,66584.84,33714.74,87786.99
50,19,Asia,30-09-2022,315459.96,13840.43,95938.27,35173.92,101717.37
50,22,Asia,31-10-2022,303370.08,12322,71216.28,43441.32,106333.19
50,22,Asia,30-11-2022,338057.33,4446.97,83463.26,35535.36,107272.1
50,21,Asia,31-12-2022,572330.26,25595.49,133172.85,98387.95,200634.48
